{"X0": 14.107538019398874, "X1": -5.904881554514543e-17, "X12": 5.023403558768569e-16, "X17": 1.3921147168003831, "X18": 0.7028499580888516, "X19": 1.1911864807378042e-16, "X20": -5.4454239119442473e-17, "X21": -7.623593476721947e-17, "X22": 0.4835289186923722, "X23": 0.038989342593701355, "X24": 0.0001796192072805652, "X29": 3.2991977008741467, "X34": -7.963932471218463e-17, "X35": 8.644610460211493e-17, "X36": 1.7016949724825774e-17, "X37": -6.72126971756306e-16, "X38": 3.1311187493679424e-17, "X39": 7.844813823144682e-17, "X40": -5.181661191209448e-17, "X41": -4.381864554142637e-17, "X42": -3.7352204645992576e-17, "X43": 3.8349185187995806e-14, "X44": 1.1974613818704346e-05, "X47": -1.3234932648483245e-15, "X49": 0.8136450724464136, "X50": -1.0856813924438843e-16, "X51": 0.8136450724464136, "X52": 6.517491744608271e-17, "X53": 1.9909831178046156e-17, "X54": 1.0380339332143722e-17, "X55": -1.37326784279344e-16, "X56": -1.5468407299866628e-16, "X57": 0.4823134953897737, "X58": 1.2592542796371073e-17, "X59": -4.492474727354004e-17, "X60": 1.1221889594060592, "X61": -4.492474727354004e-17, "X62": 8.491457912688061e-17, "X63": 3.539525542763761e-17, "X64": -1.0278237633794767e-16, "X65": 2.1849763446676295e-16, "X66": 3.709695040012019e-17, "X67": -2.8656543336606606e-16, "X68": 0.00011974613818704346, "X70": 0.0005628068494791043, "X71": 4.7898455274817386e-05, "X73": 1.3613559779860619e-18, "X74": -4.084067933958186e-18, "X75": 1.0584542728841631e-16, "X76": 1.1571525812881525e-16, "X77": 7.742712124795727e-18, "X78": -6.500474794883446e-17, "X79": 1.1856559720772358e-16, "X80": 9.172135901681092e-17, "X81": -1.3783729277108877e-17, "X82": 1.3624476110645432, "X83": 0.7866602802059633, "X84": 0.9948748652855945, "X85": 1.4090034372155742e-16, "X86": -5.1178476297413515e-17, "X87": 3.1472848516065267e-16, "X88": 1.7867797211067063e-17, "X89": -1.5893831042987272e-16, "X90": -1.5638576797114886e-16, "X91": 0.39716800383187645, "X92": 4.0074916601964695e-17, "X93": 0.20380792719434798, "X94": 0.5928691174709616, "X95": 0.6048916297449407, "X96": 0.020267033888157107, "X97": 4.002386575279022e-16, "X98": 1.7016949724825775e-16, "X99": 21.547197940366424, "X100": 20.212178182253624, "X101": -4.084067933958186e-18, "X102": -3.033271288450194e-16, "X103": -7.42789855488645e-17, "X104": -2.246237363677002e-17, "X105": 1.2252203801874557e-17, "X106": -2.355145841915887e-16, "X107": 1.276271229361933e-19, "X108": 21.646162136271105, "X109": -9.434196927443409e-16, "X110": 7.528298558262922e-16, "X111": -4.574156086033168e-16, "X112": 2.3823729614756084e-17, "X113": 0.5233025984911986, "X114": -7.555525677822643e-17, "X115": 0.6592444018680398, "X116": 3.8117967383609736e-17, "X117": -2.2938848229065145e-16, "X118": 1.4872814059497725e-16, "X119": 7.249220582775779e-17, "X120": 1.465387378757035, "X121": 1.2948688779786852, "X122": 0.6038438510358041, "X123": 1.2932881790867589e-17, "X124": -1.2252203801874558e-16, "X125": -4.696678124051913e-17, "X126": 2.375566181585678e-16, "X127": -8.304271465714978e-17, "X128": -7.351322281124735e-17, "X129": -2.7227119559721237e-18, "X130": 3.1311187493679424e-17, "X131": 0.5003891749491078, "X132": 2.3143051625763052e-17, "X133": -1.9058983691804868e-17, "X134": -1.6336271735832742e-16, "X135": 1.3696084301281284, "X136": 4.356339129555398e-17, "X137": 1.1163119019485708e-16, "X138": -1.8378305702811836e-16, "X139": 1.2456407198572467e-16, "X140": 2.42321364081519e-16, "X141": -1.1707661410680133e-16, "X142": 5.1731527163470354e-17, "X143": -8.440407063513583e-17, "X144": 0.9471201053766016, "X145": 4.900881520749823e-17, "X146": -1.470264456224947e-16, "X147": -3.8117967383609736e-17, "X148": 9.529491845902433e-17, "X150": 35.19644353969584, "X151": 6.115279607232667, "X152": 65.24486887797869, "X153": -3.8117967383609736e-17, "X154": 9.264483295413722, "X155": 0.6624176745299964, "X156": 0.35412525446054366, "X157": 0.20527481738713926, "X158": 44.15748413363669, "X159": 0.8550712489522213, "X160": -8.440407063513583e-17, "X161": 9.257220650305221e-17, "X162": -4.6286103251526105e-17, "X163": -2.4504407603749115e-17, "X164": 10.78059513830679, "X165": 43.274925158663635, "X166": -2.796905856772364e-15, "X167": 2.5865763581735177e-17, "X168": -1.7697627713818806e-17, "X169": 10.533469045623278, "X171": -8.797763007734925e-17, "X172": 4.400583198839945e-16, "X173": -1.0137847798564956e-15, "X174": -2.6980373788711267e-16, "X175": 4.703484903941843e-16, "X176": -1.3749695377659225e-16, "X177": 2.389179741365539e-16, "X178": -1.3749695377659225e-16, "X179": 2.5151051693292495e-16, "X180": 7.385356180574386e-17, "X181": 7.997966370668114e-17, "X182": 8.338305365164629e-17, "X183": 2.0930848161535702e-17, "X184": 3.4238102846349456e-16, "X185": 0.0002275176625553826, "X187": 2.552542458723866e-19, "X188": 7.184768291222608e-05, "X190": 6.806779889930309e-18, "X191": 1.4566508964450861e-16, "X192": 5.037017118548429e-17, "X193": 8.219186717090849e-17, "X194": -5.1731527163470354e-17, "X195": -7.725695175070901e-17, "X196": -6.423898521121729e-17, "X197": -1.3613559779860618e-17, "X198": 3.080067900193465e-17, "X199": -2.042033966979093e-18, "X200": 2.790779754871427e-17, "X201": 1.0482441030492677e-16, "X202": -2.178169564777699e-17, "X203": 2.3143051625763052e-17, "X204": -1.0074034237096858e-16, "X205": 7.963932471218463e-17, "X206": 7.48745787892334e-18, "X207": -5.71769510754146e-17, "X208": -2.5457356788339356e-16, "X209": -7.147118884426825e-17, "X210": 3.2672543471665486e-17, "X211": -1.5655593746839711e-16, "X212": 3.8117967383609736e-17, "X213": -2.897135690651588e-16, "X214": 4.1385221730776284e-16, "X215": -2.722711955972124e-16}