{
  "Logistic Regression": {
    "accuracy": 0.5178122380553227,
    "precision": 0.5448206861151498,
    "recall": 0.5178122380553227,
    "f1_score": 0.5220189120855249,
    "cv_mean": 0.5187552358731538,
    "cv_std": 0.0022261776185452343,
    "roc_auc": 0.5345958584153443
  },
  "Decision Tree": {
    "accuracy": 0.5415219734163573,
    "precision": 0.5597147856149248,
    "recall": 0.5415219734163573,
    "f1_score": 0.5460732708151653,
    "cv_mean": 0.5370838967409681,
    "cv_std": 0.0076339221486996615,
    "roc_auc": 0.5566253811191797
  },
  "XGBoost": {
    "accuracy": 0.5498742665549036,
    "precision": 0.5671054827363828,
    "recall": 0.5498742665549036,
    "f1_score": 0.5543092164750658,
    "cv_mean": 0.5490360470712625,
    "cv_std": 0.00229579310383767,
    "roc_auc": 0.5702293466396127
  },
  "best_model": {
    "name": "XGBoost",
    "score": 0.5498742665549036
  },
  "pca_info": {
    "n_components": 12,
    "variance_explained": 0.9073060938907251,
    "variance_per_component": [
      0.4055634422420883,
      0.3347521210187766,
      0.13651227477119895,
      0.030478255858661218
    ]
  }
}